Book Title,Book Author,Image
Eat Well Be Well,Pierre Jean Cousin,http://images.amazon.com/images/P/0007612621.01.MZZZZZZZ.jpg
Living in ether: A novel,Patricia Geary,http://images.amazon.com/images/P/0060149310.01.MZZZZZZZ.jpg
Stone Garden : A Novel,Molly Moynahan,http://images.amazon.com/images/P/0060544260.01.MZZZZZZZ.jpg
The Bean Trees,Barbara Kingsolver,http://images.amazon.com/images/P/0060915544.01.MZZZZZZZ.jpg
Sweet Hereafter Movie Tie-In : A Novel,Russell Banks,http://images.amazon.com/images/P/0060923245.01.MZZZZZZZ.jpg
Rachel's Passage,Paula Reid,http://images.amazon.com/images/P/0061013625.01.MZZZZZZZ.jpg
Unwanted Company,Barbara Seranella,http://images.amazon.com/images/P/0061097268.01.MZZZZZZZ.jpg
Crossing to Safety,Wallace Earle Stegner,http://images.amazon.com/images/P/0140133488.01.MZZZZZZZ.jpg
High Fidelity,Nick Hornby,http://images.amazon.com/images/P/0140293469.01.MZZZZZZZ.jpg
Anne of Green Gables (Puffin Classics),L. M. Montgomery,http://images.amazon.com/images/P/0140367411.01.MZZZZZZZ.jpg
